country_name,country_code,year,population,area_km2,density_km2
Afghanistan,AFG,2020,39068979,652230,59.9
Afghanistan,AFG,2021,40000412,652230,61.3
Afghanistan,AFG,2022,40578842,652230,62.2
Afghanistan,AFG,2023,41454761,652230,63.6
Afghanistan,AFG,2024,42647492,652230,65.4
Albania,ALB,2020,2837849,28748,98.7
Albania,ALB,2021,2811666,28748,97.8
Albania,ALB,2022,2777689,28748,96.6
Albania,ALB,2023,2745972,28748,95.5
Albania,ALB,2024,2714617,28748,94.4
Algeria,DZA,2020,44042091,2381741,18.5
Algeria,DZA,2021,44761099,2381741,18.8
Algeria,DZA,2022,45477389,2381741,19.1
Algeria,DZA,2023,46164219,2381741,19.4
Algeria,DZA,2024,46814308,2381741,19.7
American Samoa,ASM,2020,49761,199,250.1
American Samoa,ASM,2021,49225,199,247.4
American Samoa,ASM,2022,48342,199,242.9
American Samoa,ASM,2023,47521,199,238.8
American Samoa,ASM,2024,46765,199,235
Andorra,AND,2020,77380,468,165.3
Andorra,AND,2021,78364,468,167.4
Andorra,AND,2022,79705,468,170.3
Andorra,AND,2023,80856,468,172.8
Andorra,AND,2024,81938,468,175.1
Angola,AGO,2020,33451132,1246700,26.8
Angola,AGO,2021,34532429,1246700,27.7
Angola,AGO,2022,35635029,1246700,28.6
Angola,AGO,2023,36749906,1246700,29.5
Angola,AGO,2024,37885849,1246700,30.4
Antigua and Barbuda,ATG,2020,91846,442,207.8
Antigua and Barbuda,ATG,2021,92349,442,208.9
Antigua and Barbuda,ATG,2022,92840,442,210
Antigua and Barbuda,ATG,2023,93316,442,211.1
Antigua and Barbuda,ATG,2024,93772,442,212.2
Argentina,ARG,2020,45191965,2780400,16.3
Argentina,ARG,2021,45312281,2780400,16.3
Argentina,ARG,2022,45407904,2780400,16.3
Argentina,ARG,2023,45538401,2780400,16.4
Argentina,ARG,2024,45696159,2780400,16.4
Armenia,ARM,2020,2961500,29743,99.6
Armenia,ARM,2021,2962300,29743,99.6
Armenia,ARM,2022,2969200,29743,99.8
Armenia,ARM,2023,2964300,29743,99.7
Armenia,ARM,2024,3033500,29743,102
Aruba,ABW,2020,108587,180,603.3
Aruba,ABW,2021,107700,180,598.3
Aruba,ABW,2022,107310,180,596.2
Aruba,ABW,2023,107359,180,596.4
Aruba,ABW,2024,107624,180,597.9
Australia,AUS,2020,25649248,7692024,3.3
Australia,AUS,2021,25685412,7692024,3.3
Australia,AUS,2022,26014399,7692024,3.4
Australia,AUS,2023,26652777,7692024,3.5
Australia,AUS,2024,27204809,7692024,3.5
Austria,AUT,2020,8916864,83871,106.3
Austria,AUT,2021,8955797,83871,106.8
Austria,AUT,2022,9041851,83871,107.8
Austria,AUT,2023,9131761,83871,108.9
Austria,AUT,2024,9178482,83871,109.4
Azerbaijan,AZE,2020,10093121,86600,116.5
Azerbaijan,AZE,2021,10137750,86600,117.1
Azerbaijan,AZE,2022,10141756,86600,117.1
Azerbaijan,AZE,2023,10153958,86600,117.3
Azerbaijan,AZE,2024,10202850,86600,117.8
"Bahamas, The",BHS,2020,395863,13943,28.4
"Bahamas, The",BHS,2021,396373,13943,28.4
"Bahamas, The",BHS,2022,397538,13943,28.5
"Bahamas, The",BHS,2023,399440,13943,28.6
"Bahamas, The",BHS,2024,401283,13943,28.8
Bahrain,BHR,2020,1472204,765,1924.4
Bahrain,BHR,2021,1504365,765,1966.5
Bahrain,BHR,2022,1524693,765,1993.1
Bahrain,BHR,2023,1577059,765,2061.5
Bahrain,BHR,2024,1588670,765,2076.7
Bangladesh,BGD,2020,166298024,148460,1120.2
Bangladesh,BGD,2021,167658854,148460,1129.3
Bangladesh,BGD,2022,169384897,148460,1140.9
Bangladesh,BGD,2023,171466990,148460,1155
Bangladesh,BGD,2024,173562364,148460,1169.1
Barbados,BRB,2020,281698,430,655.1
Barbados,BRB,2021,282147,430,656.2
Barbados,BRB,2022,282318,430,656.6
Barbados,BRB,2023,282336,430,656.6
Barbados,BRB,2024,282467,430,656.9
Belarus,BLR,2020,9379952,207600,45.2
Belarus,BLR,2021,9302585,207600,44.8
Belarus,BLR,2022,9228071,207600,44.5
Belarus,BLR,2023,9178298,207600,44.2
Belarus,BLR,2024,9133712,207600,44
Belgium,BEL,2020,11538604,30528,378
Belgium,BEL,2021,11586195,30528,379.5
Belgium,BEL,2022,11680210,30528,382.6
Belgium,BEL,2023,11787423,30528,386.1
Belgium,BEL,2024,11876844,30528,389
Belize,BLZ,2020,390812,22966,17
Belize,BLZ,2021,395346,22966,17.2
Belize,BLZ,2022,402733,22966,17.5
Belize,BLZ,2023,411106,22966,17.9
Belize,BLZ,2024,417072,22966,18.2
Benin,BEN,2020,13070169,112622,116.1
Benin,BEN,2021,13413417,112622,119.1
Benin,BEN,2022,13759501,112622,122.2
Benin,BEN,2023,14111034,112622,125.3
Benin,BEN,2024,14462724,112622,128.4
Bermuda,BMU,2020,64382,54,1192.3
Bermuda,BMU,2021,64648,54,1197.2
Bermuda,BMU,2022,64749,54,1199.1
Bermuda,BMU,2023,64698,54,1198.1
Bermuda,BMU,2024,64636,54,1197
Bhutan,BTN,2020,770006,38394,20.1
Bhutan,BTN,2021,775442,38394,20.2
Bhutan,BTN,2022,780914,38394,20.3
Bhutan,BTN,2023,786385,38394,20.5
Bhutan,BTN,2024,791524,38394,20.6
Bolivia,BOL,2020,11816299,1098581,10.8
Bolivia,BOL,2021,11937360,1098581,10.9
Bolivia,BOL,2022,12077154,1098581,11
Bolivia,BOL,2023,12244159,1098581,11.1
Bolivia,BOL,2024,12413315,1098581,11.3
Bosnia and Herzegovina,BIH,2020,3299349,51197,64.4
Bosnia and Herzegovina,BIH,2021,3244907,51197,63.4
Bosnia and Herzegovina,BIH,2022,3204802,51197,62.6
Bosnia and Herzegovina,BIH,2023,3185073,51197,62.2
Bosnia and Herzegovina,BIH,2024,3164253,51197,61.8
Botswana,BWA,2020,2365894,581730,4.1
Botswana,BWA,2021,2401441,581730,4.1
Botswana,BWA,2022,2439892,581730,4.2
Botswana,BWA,2023,2480244,581730,4.3
Botswana,BWA,2024,2521139,581730,4.3
Brazil,BRA,2020,208660842,8515767,24.5
Brazil,BRA,2021,209550294,8515767,24.6
Brazil,BRA,2022,210306415,8515767,24.7
Brazil,BRA,2023,211140729,8515767,24.8
Brazil,BRA,2024,211998573,8515767,24.9
British Virgin Islands,VGB,2020,37135,151,245.9
British Virgin Islands,VGB,2020,37135,151,245.9
British Virgin Islands,VGB,2021,37809,151,250.4
British Virgin Islands,VGB,2021,37809,151,250.4
British Virgin Islands,VGB,2022,38319,151,253.8
British Virgin Islands,VGB,2022,38319,151,253.8
British Virgin Islands,VGB,2023,38985,151,258.2
British Virgin Islands,VGB,2023,38985,151,258.2
British Virgin Islands,VGB,2024,39471,151,261.4
British Virgin Islands,VGB,2024,39471,151,261.4
Brunei Darussalam,BRN,2020,447404,5765,77.6
Brunei Darussalam,BRN,2021,451721,5765,78.4
Brunei Darussalam,BRN,2022,455370,5765,79
Brunei Darussalam,BRN,2023,458949,5765,79.6
Brunei Darussalam,BRN,2024,462721,5765,80.3
Bulgaria,BGR,2020,6550696,110879,59.1
Bulgaria,BGR,2021,6507301,110879,58.7
Bulgaria,BGR,2022,6465097,110879,58.3
Bulgaria,BGR,2023,6446596,110879,58.1
Bulgaria,BGR,2024,6444366,110879,58.1
Burkina Faso,BFA,2020,21478690,272967,78.7
Burkina Faso,BFA,2021,21995243,272967,80.6
Burkina Faso,BFA,2022,22509038,272967,82.5
Burkina Faso,BFA,2023,23025776,272967,84.4
Burkina Faso,BFA,2024,23548781,272967,86.3
Burundi,BDI,2020,12617036,27834,453.3
Burundi,BDI,2021,12965481,27834,465.8
Burundi,BDI,2022,13321097,27834,478.6
Burundi,BDI,2023,13689450,27834,491.8
Burundi,BDI,2024,14047786,27834,504.7
Cabo Verde,CPV,2020,514679,4033,127.6
Cabo Verde,CPV,2020,514679,4033,127.6
Cabo Verde,CPV,2021,516649,4033,128.1
Cabo Verde,CPV,2021,516649,4033,128.1
Cabo Verde,CPV,2022,519741,4033,128.9
Cabo Verde,CPV,2022,519741,4033,128.9
Cabo Verde,CPV,2023,522331,4033,129.5
Cabo Verde,CPV,2023,522331,4033,129.5
Cabo Verde,CPV,2024,524877,4033,130.1
Cabo Verde,CPV,2024,524877,4033,130.1
Cambodia,KHM,2020,16725474,181035,92.4
Cambodia,KHM,2021,16974305,181035,93.8
Cambodia,KHM,2022,17201724,181035,95
Cambodia,KHM,2023,17423880,181035,96.2
Cambodia,KHM,2024,17638801,181035,97.4
Cameroon,CMR,2020,26210558,475442,55.1
Cameroon,CMR,2021,26915758,475442,56.6
Cameroon,CMR,2022,27632771,475442,58.1
Cameroon,CMR,2023,28372687,475442,59.7
Cameroon,CMR,2024,29123744,475442,61.3
Canada,CAN,2020,38028638,9984670,3.8
Canada,CAN,2021,38239864,9984670,3.8
Canada,CAN,2022,38935934,9984670,3.9
Canada,CAN,2023,40083484,9984670,4
Canada,CAN,2024,41288599,9984670,4.1
Cayman Islands,CYM,2020,68684,264,260.2
Cayman Islands,CYM,2021,70108,264,265.6
Cayman Islands,CYM,2022,71591,264,271.2
Cayman Islands,CYM,2023,73038,264,276.7
Cayman Islands,CYM,2024,74457,264,282
Central African Republic,CAF,2020,5026628,622984,8.1
Central African Republic,CAF,2021,5112100,622984,8.2
Central African Republic,CAF,2022,5098039,622984,8.2
Central African Republic,CAF,2023,5152421,622984,8.3
Central African Republic,CAF,2024,5330690,622984,8.6
Chad,TCD,2020,17224679,1284000,13.4
Chad,TCD,2021,17828273,1284000,13.9
Chad,TCD,2022,18455316,1284000,14.4
Chad,TCD,2023,19319064,1284000,15
Chad,TCD,2024,20299123,1284000,15.8
Chile,CHL,2020,19370624,756102,25.6
Chile,CHL,2021,19456334,756102,25.7
Chile,CHL,2022,19553036,756102,25.9
Chile,CHL,2023,19658835,756102,26
Chile,CHL,2024,19764771,756102,26.1
China,CHN,2020,1411100000,9596961,147
China,CHN,2021,1412360000,9596961,147.2
China,CHN,2022,1412175000,9596961,147.1
China,CHN,2023,1410710000,9596961,147
China,CHN,2024,1408975000,9596961,146.8
Colombia,COL,2020,50629997,1141748,44.3
Colombia,COL,2021,51188173,1141748,44.8
Colombia,COL,2022,51737944,1141748,45.3
Colombia,COL,2023,52321152,1141748,45.8
Colombia,COL,2024,52886363,1141748,46.3
Comoros,COM,2020,802163,2235,358.9
Comoros,COM,2021,818174,2235,366.1
Comoros,COM,2022,834188,2235,373.2
Comoros,COM,2023,850387,2235,380.5
Comoros,COM,2024,866628,2235,387.8
"Congo, Dem. Rep.",COD,2020,95989998,2344858,40.9
"Congo, Dem. Rep.",COD,2021,99148932,2344858,42.3
"Congo, Dem. Rep.",COD,2022,102396968,2344858,43.7
"Congo, Dem. Rep.",COD,2023,105789731,2344858,45.1
"Congo, Dem. Rep.",COD,2024,109276265,2344858,46.6
"Congo, Rep.",COG,2020,5752791,342000,16.8
"Congo, Rep.",COG,2021,5892183,342000,17.2
"Congo, Rep.",COG,2022,6035104,342000,17.6
"Congo, Rep.",COG,2023,6182885,342000,18.1
"Congo, Rep.",COG,2024,6332961,342000,18.5
Costa Rica,CRI,2020,5034320,51100,98.5
Costa Rica,CRI,2021,5059988,51100,99
Costa Rica,CRI,2022,5081765,51100,99.4
Costa Rica,CRI,2023,5105525,51100,99.9
Costa Rica,CRI,2024,5129910,51100,100.4
Cote d'Ivoire,CIV,2020,28915449,322463,89.7
Cote d'Ivoire,CIV,2021,29639736,322463,91.9
Cote d'Ivoire,CIV,2022,30395002,322463,94.3
Cote d'Ivoire,CIV,2023,31165654,322463,96.6
Cote d'Ivoire,CIV,2024,31934230,322463,99
Croatia,HRV,2020,3914206,56594,69.2
Croatia,HRV,2021,3878981,56594,68.5
Croatia,HRV,2022,3855641,56594,68.1
Croatia,HRV,2023,3859686,56594,68.2
Croatia,HRV,2024,3866300,56594,68.3
Cuba,CUB,2020,11176354,109884,101.7
Cuba,CUB,2021,11122168,109884,101.2
Cuba,CUB,2022,11059820,109884,100.6
Cuba,CUB,2023,11019931,109884,100.3
Cuba,CUB,2024,10979783,109884,99.9
Curacao,CUW,2020,154947,444,349
Curacao,CUW,2021,152369,444,343.2
Curacao,CUW,2022,149996,444,337.8
Curacao,CUW,2023,155800,444,350.9
Curacao,CUW,2024,155900,444,351.1
Cyprus,CYP,2020,1302247,9251,140.8
Cyprus,CYP,2021,1317309,9251,142.4
Cyprus,CYP,2022,1331370,9251,143.9
Cyprus,CYP,2023,1344976,9251,145.4
Cyprus,CYP,2024,1358282,9251,146.8
Czechia,CZE,2020,10697858,78865,135.6
Czechia,CZE,2021,10505772,78865,133.2
Czechia,CZE,2022,10672118,78865,135.3
Czechia,CZE,2023,10864042,78865,137.8
Czechia,CZE,2024,10882164,78865,138
Denmark,DNK,2020,5831404,43094,135.3
Denmark,DNK,2021,5856733,43094,135.9
Denmark,DNK,2022,5903037,43094,137
Denmark,DNK,2023,5946952,43094,138
Denmark,DNK,2024,5976992,43094,138.7
Djibouti,DJI,2020,1105188,23200,47.6
Djibouti,DJI,2021,1121248,23200,48.3
Djibouti,DJI,2022,1137096,23200,49
Djibouti,DJI,2023,1152944,23200,49.7
Djibouti,DJI,2024,1168722,23200,50.4
Dominica,DMA,2020,67573,751,90
Dominica,DMA,2021,67202,751,89.5
Dominica,DMA,2022,66826,751,89
Dominica,DMA,2023,66510,751,88.6
Dominica,DMA,2024,66205,751,88.2
Dominican Republic,DOM,2020,11008300,48671,226.2
Dominican Republic,DOM,2021,11123476,48671,228.5
Dominican Republic,DOM,2022,11230734,48671,230.7
Dominican Republic,DOM,2023,11331265,48671,232.8
Dominican Republic,DOM,2024,11427557,48671,234.8
Ecuador,ECU,2020,17546065,283561,61.9
Ecuador,ECU,2021,17682454,283561,62.4
Ecuador,ECU,2022,17823897,283561,62.9
Ecuador,ECU,2023,17980083,283561,63.4
Ecuador,ECU,2024,18135478,283561,64
"Egypt, Arab Rep.",EGY,2020,109315124,1002450,109
"Egypt, Arab Rep.",EGY,2021,110957008,1002450,110.7
"Egypt, Arab Rep.",EGY,2022,112618250,1002450,112.3
"Egypt, Arab Rep.",EGY,2023,114535772,1002450,114.3
"Egypt, Arab Rep.",EGY,2024,116538258,1002450,116.3
El Salvador,SLV,2020,6234673,21041,296.3
El Salvador,SLV,2021,6255782,21041,297.3
El Salvador,SLV,2022,6280319,21041,298.5
El Salvador,SLV,2023,6309624,21041,299.9
El Salvador,SLV,2024,6338193,21041,301.2
Equatorial Guinea,GNQ,2020,1716468,28051,61.2
Equatorial Guinea,GNQ,2021,1758786,28051,62.7
Equatorial Guinea,GNQ,2022,1803545,28051,64.3
Equatorial Guinea,GNQ,2023,1847549,28051,65.9
Equatorial Guinea,GNQ,2024,1892516,28051,67.5
Eritrea,ERI,2020,3291271,117600,28
Eritrea,ERI,2021,3350183,117600,28.5
Eritrea,ERI,2022,3409447,117600,29
Eritrea,ERI,2023,3470390,117600,29.5
Eritrea,ERI,2024,3535603,117600,30.1
Estonia,EST,2020,1329522,45227,29.4
Estonia,EST,2021,1330932,45227,29.4
Estonia,EST,2022,1348840,45227,29.8
Estonia,EST,2023,1370286,45227,30.3
Estonia,EST,2024,1371986,45227,30.3
Eswatini,SWZ,2020,1192729,17364,68.7
Eswatini,SWZ,2021,1206593,17364,69.5
Eswatini,SWZ,2022,1218917,17364,70.2
Eswatini,SWZ,2023,1230506,17364,70.9
Eswatini,SWZ,2024,1242822,17364,71.6
Ethiopia,ETH,2020,118917671,1104300,107.7
Ethiopia,ETH,2021,122138588,1104300,110.6
Ethiopia,ETH,2022,125384287,1104300,113.5
Ethiopia,ETH,2023,128691692,1104300,116.5
Ethiopia,ETH,2024,132059767,1104300,119.6
Faroe Islands,FRO,2020,52567,1393,37.7
Faroe Islands,FRO,2021,53305,1393,38.3
Faroe Islands,FRO,2022,53927,1393,38.7
Faroe Islands,FRO,2023,54439,1393,39.1
Faroe Islands,FRO,2024,54719,1393,39.3
Fiji,FJI,2020,914963,18274,50.1
Fiji,FJI,2021,916711,18274,50.2
Fiji,FJI,2022,919422,18274,50.3
Fiji,FJI,2023,924145,18274,50.6
Fiji,FJI,2024,928784,18274,50.8
Finland,FIN,2020,5529543,338424,16.3
Finland,FIN,2021,5541017,338424,16.4
Finland,FIN,2022,5556106,338424,16.4
Finland,FIN,2023,5583911,338424,16.5
Finland,FIN,2024,5637214,338424,16.7
France,FRA,2020,67601110,551695,122.5
France,FRA,2021,67842811,551695,123
France,FRA,2022,68065015,551695,123.4
France,FRA,2023,68287487,551695,123.8
France,FRA,2024,68516699,551695,124.2
French Polynesia,PYF,2020,279209,4167,67
French Polynesia,PYF,2021,279792,4167,67.1
French Polynesia,PYF,2022,280378,4167,67.3
French Polynesia,PYF,2023,281118,4167,67.5
French Polynesia,PYF,2024,281807,4167,67.6
Gabon,GAB,2020,2322539,267668,8.7
Gabon,GAB,2021,2376722,267668,8.9
Gabon,GAB,2022,2430747,267668,9.1
Gabon,GAB,2023,2484789,267668,9.3
Gabon,GAB,2024,2538952,267668,9.5
"Gambia, The",GMB,2020,2515733,11295,222.7
"Gambia, The",GMB,2021,2576010,11295,228.1
"Gambia, The",GMB,2022,2636470,11295,233.4
"Gambia, The",GMB,2023,2697845,11295,238.9
"Gambia, The",GMB,2024,2759988,11295,244.4
Georgia,GEO,2020,3722716,69700,53.4
Georgia,GEO,2021,3708610,69700,53.2
Georgia,GEO,2022,3712502,69700,53.3
Georgia,GEO,2023,3715483,69700,53.3
Georgia,GEO,2024,3673850,69700,52.7
Germany,DEU,2020,83160871,357114,232.9
Germany,DEU,2021,83196078,357114,233
Germany,DEU,2022,83797985,357114,234.7
Germany,DEU,2023,83901923,357114,234.9
Germany,DEU,2024,83510950,357114,233.8
Ghana,GHA,2020,31887809,238533,133.7
Ghana,GHA,2021,32518665,238533,136.3
Ghana,GHA,2022,33149152,238533,139
Ghana,GHA,2023,33787914,238533,141.6
Ghana,GHA,2024,34427414,238533,144.3
Gibraltar,GIB,2020,36173,6.8,5319.6
Gibraltar,GIB,2021,36858,6.8,5420.3
Gibraltar,GIB,2022,37609,6.8,5530.7
Gibraltar,GIB,2023,38471,6.8,5657.5
Gibraltar,GIB,2024,39329,6.8,5783.7
Greece,GRC,2020,10698599,131957,81.1
Greece,GRC,2021,10569207,131957,80.1
Greece,GRC,2022,10436882,131957,79.1
Greece,GRC,2023,10405588,131957,78.9
Greece,GRC,2024,10388805,131957,78.7
Greenland,GRL,2020,56367,2166086,0
Greenland,GRL,2021,56653,2166086,0
Greenland,GRL,2022,56661,2166086,0
Greenland,GRL,2023,56865,2166086,0
Greenland,GRL,2024,56836,2166086,0
Grenada,GRD,2020,116341,344,338.2
Grenada,GRD,2021,116688,344,339.2
Grenada,GRD,2022,116913,344,339.9
Grenada,GRD,2023,117081,344,340.4
Grenada,GRD,2024,117207,344,340.7
Guam,GUM,2020,162158,549,295.4
Guam,GUM,2021,163730,549,298.2
Guam,GUM,2022,165180,549,300.9
Guam,GUM,2023,166506,549,303.3
Guam,GUM,2024,167777,549,305.6
Guatemala,GTM,2020,17357325,108889,159.4
Guatemala,GTM,2021,17598650,108889,161.6
Guatemala,GTM,2022,17847877,108889,163.9
Guatemala,GTM,2023,18124838,108889,166.5
Guatemala,GTM,2024,18406359,108889,169
Guinea,GIN,2020,13371183,245857,54.4
Guinea,GIN,2021,13710513,245857,55.8
Guinea,GIN,2022,14055137,245857,57.2
Guinea,GIN,2023,14405468,245857,58.6
Guinea,GIN,2024,14754785,245857,60
Guinea-Bissau,GNB,2020,2013255,36125,55.7
Guinea-Bissau,GNB,2021,2058841,36125,57
Guinea-Bissau,GNB,2022,2105529,36125,58.3
Guinea-Bissau,GNB,2023,2153339,36125,59.6
Guinea-Bissau,GNB,2024,2201352,36125,60.9
Guyana,GUY,2020,807481,214969,3.8
Guyana,GUY,2021,815482,214969,3.8
Guyana,GUY,2022,821637,214969,3.8
Guyana,GUY,2023,826353,214969,3.8
Guyana,GUY,2024,831087,214969,3.9
Haiti,HTI,2020,11243848,27750,405.2
Haiti,HTI,2021,11374586,27750,409.9
Haiti,HTI,2022,11503606,27750,414.5
Haiti,HTI,2023,11637398,27750,419.4
Haiti,HTI,2024,11772557,27750,424.2
Honduras,HND,2020,10119640,112492,90
Honduras,HND,2021,10289877,112492,91.5
Honduras,HND,2022,10463872,112492,93
Honduras,HND,2023,10644851,112492,94.6
Honduras,HND,2024,10825703,112492,96.2
"Hong Kong SAR, China",HKG,2020,7481000,1106,6764
"Hong Kong SAR, China",HKG,2021,7413100,1106,6702.6
"Hong Kong SAR, China",HKG,2022,7346100,1106,6642
"Hong Kong SAR, China",HKG,2023,7536100,1106,6813.8
"Hong Kong SAR, China",HKG,2024,7524100,1106,6803
Hungary,HUN,2020,9670419,93028,104
Hungary,HUN,2021,9630932,93028,103.5
Hungary,HUN,2022,9605074,93028,103.2
Hungary,HUN,2023,9592186,93028,103.1
Hungary,HUN,2024,9562314,93028,102.8
Iceland,ISL,2020,366463,103000,3.6
Iceland,ISL,2021,372520,103000,3.6
Iceland,ISL,2022,382003,103000,3.7
Iceland,ISL,2023,393349,103000,3.8
Iceland,ISL,2024,404610,103000,3.9
India,IND,2020,1402617695,3287263,426.7
India,IND,2021,1414203896,3287263,430.2
India,IND,2022,1425423212,3287263,433.6
India,IND,2023,1438069596,3287263,437.5
India,IND,2024,1450935791,3287263,441.4
Indonesia,IDN,2020,274814866,1904569,144.3
Indonesia,IDN,2021,276758053,1904569,145.3
Indonesia,IDN,2022,278830529,1904569,146.4
Indonesia,IDN,2023,281190067,1904569,147.6
Indonesia,IDN,2024,283487931,1904569,148.8
"Iran, Islamic Rep.",IRN,2020,87723443,1648195,53.2
"Iran, Islamic Rep.",IRN,2021,88455488,1648195,53.7
"Iran, Islamic Rep.",IRN,2022,89524246,1648195,54.3
"Iran, Islamic Rep.",IRN,2023,90608707,1648195,55
"Iran, Islamic Rep.",IRN,2024,91567738,1648195,55.6
Iraq,IRQ,2020,42116605,438317,96.1
Iraq,IRQ,2021,43071211,438317,98.3
Iraq,IRQ,2022,44070551,438317,100.5
Iraq,IRQ,2023,45074049,438317,102.8
Iraq,IRQ,2024,46042015,438317,105
Ireland,IRL,2020,5039747,70273,71.7
Ireland,IRL,2021,5110585,70273,72.7
Ireland,IRL,2022,5212836,70273,74.2
Ireland,IRL,2023,5307600,70273,75.5
Ireland,IRL,2024,5380257,70273,76.6
Isle of Man,IMN,2020,84064,572,147
Isle of Man,IMN,2021,84106,572,147
Isle of Man,IMN,2022,84132,572,147.1
Isle of Man,IMN,2023,84165,572,147.1
Isle of Man,IMN,2024,84160,572,147.1
Israel,ISR,2020,9215100,22072,417.5
Israel,ISR,2021,9371400,22072,424.6
Israel,ISR,2022,9557500,22072,433
Israel,ISR,2023,9849000,22072,446.2
Israel,ISR,2024,9974400,22072,451.9
Italy,ITA,2020,59438851,301340,197.2
Italy,ITA,2021,59133173,301340,196.2
Italy,ITA,2022,59013667,301340,195.8
Italy,ITA,2023,58993475,301340,195.8
Italy,ITA,2024,58986023,301340,195.7
Jamaica,JAM,2020,2830739,10991,257.6
Jamaica,JAM,2021,2837682,10991,258.2
Jamaica,JAM,2022,2839144,10991,258.3
Jamaica,JAM,2023,2839786,10991,258.4
Jamaica,JAM,2024,2839175,10991,258.3
Japan,JPN,2020,126261000,377930,334.1
Japan,JPN,2021,125681593,377930,332.6
Japan,JPN,2022,125124989,377930,331.1
Japan,JPN,2023,124516650,377930,329.5
Japan,JPN,2024,123975371,377930,328
Jordan,JOR,2020,10865228,89342,121.6
Jordan,JOR,2021,11066356,89342,123.9
Jordan,JOR,2022,11256263,89342,126
Jordan,JOR,2023,11439213,89342,128
Jordan,JOR,2024,11552876,89342,129.3
Kazakhstan,KAZ,2020,19482117,2724900,7.1
Kazakhstan,KAZ,2021,19743603,2724900,7.2
Kazakhstan,KAZ,2022,20034609,2724900,7.4
Kazakhstan,KAZ,2023,20330104,2724900,7.5
Kazakhstan,KAZ,2024,20592571,2724900,7.6
Kenya,KEN,2020,52217334,580367,90
Kenya,KEN,2021,53219166,580367,91.7
Kenya,KEN,2022,54252461,580367,93.5
Kenya,KEN,2023,55339003,580367,95.4
Kenya,KEN,2024,56432944,580367,97.2
Kiribati,KIR,2020,126099,811,155.5
Kiribati,KIR,2021,128377,811,158.3
Kiribati,KIR,2022,130469,811,160.9
Kiribati,KIR,2023,132530,811,163.4
Kiribati,KIR,2024,134518,811,165.9
"Korea, Dem. People's Rep.",PRK,2020,26136312,120538,216.8
"Korea, Dem. People's Rep.",PRK,2021,26232534,120538,217.6
"Korea, Dem. People's Rep.",PRK,2022,26328845,120538,218.4
"Korea, Dem. People's Rep.",PRK,2023,26418204,120538,219.2
"Korea, Dem. People's Rep.",PRK,2024,26498823,120538,219.8
"Korea, Rep.",KOR,2020,51836239,100210,517.3
"Korea, Rep.",KOR,2021,51769539,100210,516.6
"Korea, Rep.",KOR,2022,51672569,100210,515.6
"Korea, Rep.",KOR,2023,51712619,100210,516
"Korea, Rep.",KOR,2024,51751065,100210,516.4
Kuwait,KWT,2020,4400267,17818,247
Kuwait,KWT,2021,4360865,17818,244.7
Kuwait,KWT,2022,4589643,17818,257.6
Kuwait,KWT,2023,4853420,17818,272.4
Kuwait,KWT,2024,4973861,17818,279.1
Kyrgyz Republic,KGZ,2020,6726596,199951,33.6
Kyrgyz Republic,KGZ,2021,6851224,199951,34.3
Kyrgyz Republic,KGZ,2022,6975220,199951,34.9
Kyrgyz Republic,KGZ,2023,7099750,199951,35.5
Kyrgyz Republic,KGZ,2024,7224614,199951,36.1
Lao PDR,LAO,2020,7346533,236800,31
Lao PDR,LAO,2021,7453194,236800,31.5
Lao PDR,LAO,2022,7559007,236800,31.9
Lao PDR,LAO,2023,7664993,236800,32.4
Lao PDR,LAO,2024,7769819,236800,32.8
Latvia,LVA,2020,1900449,64559,29.4
Latvia,LVA,2021,1884490,64559,29.2
Latvia,LVA,2022,1879383,64559,29.1
Latvia,LVA,2023,1877445,64559,29.1
Latvia,LVA,2024,1862441,64559,28.8
Lebanon,LBN,2020,5702398,10452,545.6
Lebanon,LBN,2021,5718122,10452,547.1
Lebanon,LBN,2022,5744489,10452,549.6
Lebanon,LBN,2023,5773493,10452,552.4
Lebanon,LBN,2024,5805962,10452,555.5
Lesotho,LSO,2020,2235727,30355,73.7
Lesotho,LSO,2021,2261542,30355,74.5
Lesotho,LSO,2022,2286110,30355,75.3
Lesotho,LSO,2023,2311472,30355,76.1
Lesotho,LSO,2024,2337423,30355,77
Liberia,LBR,2020,5149463,111369,46.2
Liberia,LBR,2021,5259323,111369,47.2
Liberia,LBR,2022,5373294,111369,48.2
Liberia,LBR,2023,5493031,111369,49.3
Liberia,LBR,2024,5612817,111369,50.4
Libya,LBY,2020,7045399,1759540,4
Libya,LBY,2021,7135175,1759540,4.1
Libya,LBY,2022,7223805,1759540,4.1
Libya,LBY,2023,7305659,1759540,4.2
Libya,LBY,2024,7381023,1759540,4.2
Liechtenstein,LIE,2020,38901,160,243.1
Liechtenstein,LIE,2021,39182,160,244.9
Liechtenstein,LIE,2022,39493,160,246.8
Liechtenstein,LIE,2023,39850,160,249.1
Liechtenstein,LIE,2024,40197,160,251.2
Lithuania,LTU,2020,2810369,65300,43
Lithuania,LTU,2021,2808380,65300,43
Lithuania,LTU,2022,2831639,65300,43.4
Lithuania,LTU,2023,2871585,65300,44
Lithuania,LTU,2024,2888055,65300,44.2
Luxembourg,LUX,2020,630419,2586,243.8
Luxembourg,LUX,2021,640064,2586,247.5
Luxembourg,LUX,2022,653103,2586,252.6
Luxembourg,LUX,2023,666430,2586,257.7
Luxembourg,LUX,2024,677717,2586,262.1
"Macao SAR, China",MAC,2020,685400,30,22846.7
"Macao SAR, China",MAC,2021,682500,30,22750
"Macao SAR, China",MAC,2022,677300,30,22576.7
"Macao SAR, China",MAC,2023,678800,30,22626.7
"Macao SAR, China",MAC,2024,687000,30,22900
Madagascar,MDG,2020,28953556,587041,49.3
Madagascar,MDG,2021,29691083,587041,50.6
Madagascar,MDG,2022,30437261,587041,51.8
Madagascar,MDG,2023,31195932,587041,53.1
Madagascar,MDG,2024,31964956,587041,54.5
Malawi,MWI,2020,19533888,118484,164.9
Malawi,MWI,2021,20047258,118484,169.2
Malawi,MWI,2022,20568728,118484,173.6
Malawi,MWI,2023,21104482,118484,178.1
Malawi,MWI,2024,21655286,118484,182.8
Malaysia,MYS,2020,33889558,330803,102.4
Malaysia,MYS,2021,34282399,330803,103.6
Malaysia,MYS,2022,34695493,330803,104.9
Malaysia,MYS,2023,35126298,330803,106.2
Malaysia,MYS,2024,35557673,330803,107.5
Maldives,MDV,2020,502118,300,1673.7
Maldives,MDV,2021,516154,300,1720.5
Maldives,MDV,2022,524106,300,1747
Maldives,MDV,2023,525994,300,1753.3
Maldives,MDV,2024,527799,300,1759.3
Mali,MLI,2020,21713836,1240192,17.5
Mali,MLI,2021,22388630,1240192,18.1
Mali,MLI,2022,23072640,1240192,18.6
Mali,MLI,2023,23769127,1240192,19.2
Mali,MLI,2024,24478595,1240192,19.7
Malta,MLT,2020,515490,316,1631.3
Malta,MLT,2021,518150,316,1639.7
Malta,MLT,2022,531113,316,1680.7
Malta,MLT,2023,552747,316,1749.2
Malta,MLT,2024,574346,316,1817.6
Marshall Islands,MHL,2020,42706,181,235.9
Marshall Islands,MHL,2021,41367,181,228.5
Marshall Islands,MHL,2022,40077,181,221.4
Marshall Islands,MHL,2023,38827,181,214.5
Marshall Islands,MHL,2024,37548,181,207.4
Mauritania,MRT,2020,4600131,1030700,4.5
Mauritania,MRT,2021,4734874,1030700,4.6
Mauritania,MRT,2022,4875637,1030700,4.7
Mauritania,MRT,2023,5022441,1030700,4.9
Mauritania,MRT,2024,5169395,1030700,5
Mauritius,MUS,2020,1266014,2040,620.6
Mauritius,MUS,2021,1266334,2040,620.8
Mauritius,MUS,2022,1262523,2040,618.9
Mauritius,MUS,2023,1261041,2040,618.2
Mauritius,MUS,2024,1259509,2040,617.4
Mexico,MEX,2020,126799054,1964375,64.5
Mexico,MEX,2021,127648148,1964375,65
Mexico,MEX,2022,128613117,1964375,65.5
Mexico,MEX,2023,129739759,1964375,66
Mexico,MEX,2024,130861007,1964375,66.6
"Micronesia, Fed. Sts.",FSM,2020,110916,702,158
"Micronesia, Fed. Sts.",FSM,2021,111624,702,159
"Micronesia, Fed. Sts.",FSM,2022,112114,702,159.7
"Micronesia, Fed. Sts.",FSM,2023,112630,702,160.4
"Micronesia, Fed. Sts.",FSM,2024,113160,702,161.2
Moldova,MDA,2020,2635130,33846,77.9
Moldova,MDA,2021,2595809,33846,76.7
Moldova,MDA,2022,2528654,33846,74.7
Moldova,MDA,2023,2457783,33846,72.6
Moldova,MDA,2024,2389275,33846,70.6
Monaco,MCO,2020,38050,2.02,18836.6
Monaco,MCO,2021,38527,2.02,19072.8
Monaco,MCO,2022,38931,2.02,19272.8
Monaco,MCO,2023,38956,2.02,19285.1
Monaco,MCO,2024,38631,2.02,19124.3
Mongolia,MNG,2020,3327204,1564110,2.1
Mongolia,MNG,2021,3383741,1564110,2.2
Mongolia,MNG,2022,3433748,1564110,2.2
Mongolia,MNG,2023,3481145,1564110,2.2
Mongolia,MNG,2024,3524788,1564110,2.3
Montenegro,MNE,2020,626590,13812,45.4
Montenegro,MNE,2021,625053,13812,45.3
Montenegro,MNE,2022,623591,13812,45.1
Montenegro,MNE,2023,623529,13812,45.1
Montenegro,MNE,2024,623831,13812,45.2
Morocco,MAR,2020,36584208,446550,81.9
Morocco,MAR,2021,36954442,446550,82.8
Morocco,MAR,2022,37329064,446550,83.6
Morocco,MAR,2023,37712505,446550,84.5
Morocco,MAR,2024,38081173,446550,85.3
Mozambique,MOZ,2020,30783688,801590,38.4
Mozambique,MOZ,2021,31707800,801590,39.6
Mozambique,MOZ,2022,32656246,801590,40.7
Mozambique,MOZ,2023,33635160,801590,42
Mozambique,MOZ,2024,34631766,801590,43.2
Myanmar,MMR,2020,53016522,676578,78.4
Myanmar,MMR,2021,53387102,676578,78.9
Myanmar,MMR,2022,53756787,676578,79.5
Myanmar,MMR,2023,54133798,676578,80
Myanmar,MMR,2024,54500091,676578,80.6
Namibia,NAM,2020,2728762,825615,3.3
Namibia,NAM,2021,2810548,825615,3.4
Namibia,NAM,2022,2889662,825615,3.5
Namibia,NAM,2023,2963095,825615,3.6
Namibia,NAM,2024,3030131,825615,3.7
Nauru,NRU,2020,11643,21,554.4
Nauru,NRU,2021,11709,21,557.6
Nauru,NRU,2022,11801,21,562
Nauru,NRU,2023,11875,21,565.5
Nauru,NRU,2024,11947,21,568.9
Nepal,NPL,2020,28966574,147516,196.4
Nepal,NPL,2021,29475010,147516,199.8
Nepal,NPL,2022,29715436,147516,201.4
Nepal,NPL,2023,29694614,147516,201.3
Nepal,NPL,2024,29651054,147516,201
Netherlands,NLD,2020,17441500,41543,419.8
Netherlands,NLD,2021,17533044,41543,422
Netherlands,NLD,2022,17700982,41543,426.1
Netherlands,NLD,2023,17877117,41543,430.3
Netherlands,NLD,2024,17994237,41543,433.1
New Caledonia,NCL,2020,284176,18575,15.3
New Caledonia,NCL,2021,285214,18575,15.4
New Caledonia,NCL,2022,287123,18575,15.5
New Caledonia,NCL,2023,289870,18575,15.6
New Caledonia,NCL,2024,292639,18575,15.8
New Zealand,NZL,2020,5090200,268838,18.9
New Zealand,NZL,2021,5111300,268838,19
New Zealand,NZL,2022,5117100,268838,19
New Zealand,NZL,2023,5245000,268838,19.5
New Zealand,NZL,2024,5338500,268838,19.9
Nicaragua,NIC,2020,6565267,130373,50.4
Nicaragua,NIC,2021,6644741,130373,51
Nicaragua,NIC,2022,6730654,130373,51.6
Nicaragua,NIC,2023,6823613,130373,52.3
Nicaragua,NIC,2024,6916140,130373,53
Niger,NER,2020,23717613,1267000,18.7
Niger,NER,2021,24502140,1267000,19.3
Niger,NER,2022,25311973,1267000,20
Niger,NER,2023,26159867,1267000,20.6
Niger,NER,2024,27032412,1267000,21.3
Nigeria,NGA,2020,213996181,923768,231.7
Nigeria,NGA,2021,218529286,923768,236.6
Nigeria,NGA,2022,223150896,923768,241.6
Nigeria,NGA,2023,227882945,923768,246.7
Nigeria,NGA,2024,232679478,923768,251.9
North Macedonia,MKD,2020,1856124,25713,72.2
North Macedonia,MKD,2021,1837114,25713,71.4
North Macedonia,MKD,2022,1831712,25713,71.2
North Macedonia,MKD,2023,1827816,25713,71.1
North Macedonia,MKD,2024,1792179,25713,69.7
Northern Mariana Islands,MNP,2020,47528,464,102.4
Northern Mariana Islands,MNP,2021,46979,464,101.2
Northern Mariana Islands,MNP,2022,46078,464,99.3
Northern Mariana Islands,MNP,2023,45143,464,97.3
Northern Mariana Islands,MNP,2024,44278,464,95.4
Norway,NOR,2020,5379475,385207,14
Norway,NOR,2021,5408320,385207,14
Norway,NOR,2022,5457127,385207,14.2
Norway,NOR,2023,5519594,385207,14.3
Norway,NOR,2024,5572272,385207,14.5
Oman,OMN,2020,4522497,309500,14.6
Oman,OMN,2021,4500424,309500,14.5
Oman,OMN,2022,4730226,309500,15.3
Oman,OMN,2023,5049269,309500,16.3
Oman,OMN,2024,5281538,309500,17.1
Pakistan,PAK,2020,235001746,881912,266.5
Pakistan,PAK,2021,239477801,881912,271.5
Pakistan,PAK,2022,243700667,881912,276.3
Pakistan,PAK,2023,247504495,881912,280.6
Pakistan,PAK,2024,251269164,881912,284.9
Palau,PLW,2020,17792,459,38.8
Palau,PLW,2021,17783,459,38.7
Palau,PLW,2022,17759,459,38.7
Palau,PLW,2023,17727,459,38.6
Palau,PLW,2024,17695,459,38.6
Panama,PAN,2020,4293261,75417,56.9
Panama,PAN,2021,4345405,75417,57.6
Panama,PAN,2022,4400773,75417,58.4
Panama,PAN,2023,4458759,75417,59.1
Panama,PAN,2024,4515577,75417,59.9
Papua New Guinea,PNG,2020,9815746,462840,21.2
Papua New Guinea,PNG,2021,10012896,462840,21.6
Papua New Guinea,PNG,2022,10203169,462840,22
Papua New Guinea,PNG,2023,10389635,462840,22.4
Papua New Guinea,PNG,2024,10576502,462840,22.9
Paraguay,PRY,2020,6603739,406752,16.2
Paraguay,PRY,2021,6684182,406752,16.4
Paraguay,PRY,2022,6760464,406752,16.6
Paraguay,PRY,2023,6844146,406752,16.8
Paraguay,PRY,2024,6929153,406752,17
Peru,PER,2020,32838579,1285216,25.6
Peru,PER,2021,33155882,1285216,25.8
Peru,PER,2022,33475438,1285216,26
Peru,PER,2023,33845617,1285216,26.3
Peru,PER,2024,34217848,1285216,26.6
Philippines,PHL,2020,112081264,300000,373.6
Philippines,PHL,2021,113100950,300000,377
Philippines,PHL,2022,113964338,300000,379.9
Philippines,PHL,2023,114891199,300000,383
Philippines,PHL,2024,115843670,300000,386.1
Poland,POL,2020,37515748,312679,120
Poland,POL,2021,36981559,312679,118.3
Poland,POL,2022,36821749,312679,117.8
Poland,POL,2023,36687353,312679,117.3
Poland,POL,2024,36554707,312679,116.9
Portugal,PRT,2020,10297081,92212,111.7
Portugal,PRT,2021,10361831,92212,112.4
Portugal,PRT,2022,10434332,92212,113.2
Portugal,PRT,2023,10578174,92212,114.7
Portugal,PRT,2024,10701636,92212,116.1
Puerto Rico (US),PRI,2020,3281590,9104,360.5
Puerto Rico (US),PRI,2021,3262711,9104,358.4
Puerto Rico (US),PRI,2022,3220137,9104,353.7
Puerto Rico (US),PRI,2023,3203792,9104,351.9
Puerto Rico (US),PRI,2024,3203295,9104,351.9
Qatar,QAT,2020,2794148,11586,241.2
Qatar,QAT,2021,2504910,11586,216.2
Qatar,QAT,2022,2657333,11586,229.4
Qatar,QAT,2023,2656032,11586,229.2
Qatar,QAT,2024,2857822,11586,246.7
Romania,ROU,2020,19265250,238397,80.8
Romania,ROU,2021,19122059,238397,80.2
Romania,ROU,2022,19048502,238397,79.9
Romania,ROU,2023,19059479,238397,79.9
Romania,ROU,2024,19069340,238397,80
Russian Federation,RUS,2020,145245148,17098242,8.5
Russian Federation,RUS,2021,144746762,17098242,8.5
Russian Federation,RUS,2022,144236933,17098242,8.4
Russian Federation,RUS,2023,143826130,17098242,8.4
Russian Federation,RUS,2024,143533851,17098242,8.4
Rwanda,RWA,2020,13065837,26338,496.1
Rwanda,RWA,2021,13355260,26338,507.1
Rwanda,RWA,2022,13651030,26338,518.3
Rwanda,RWA,2023,13954471,26338,529.8
Rwanda,RWA,2024,14256567,26338,541.3
Samoa,WSM,2020,211944,2842,74.6
Samoa,WSM,2021,213779,2842,75.2
Samoa,WSM,2022,215261,2842,75.7
Samoa,WSM,2023,216663,2842,76.2
Samoa,WSM,2024,218019,2842,76.7
San Marino,SMR,2020,34770,61,570
San Marino,SMR,2021,34252,61,561.5
San Marino,SMR,2022,33755,61,553.4
San Marino,SMR,2023,33860,61,555.1
San Marino,SMR,2024,33977,61,557
Sao Tome and Principe,STP,2020,217435,964,225.6
Sao Tome and Principe,STP,2021,221961,964,230.3
Sao Tome and Principe,STP,2022,226305,964,234.8
Sao Tome and Principe,STP,2023,230871,964,239.5
Sao Tome and Principe,STP,2024,235536,964,244.3
Saudi Arabia,SAU,2020,31552510,2149690,14.7
Saudi Arabia,SAU,2021,30784383,2149690,14.3
Saudi Arabia,SAU,2022,32175224,2149690,15
Saudi Arabia,SAU,2023,33702731,2149690,15.7
Saudi Arabia,SAU,2024,35300280,2149690,16.4
Senegal,SEN,2020,16789219,196722,85.3
Senegal,SEN,2021,17220867,196722,87.5
Senegal,SEN,2022,17651103,196722,89.7
Senegal,SEN,2023,18077573,196722,91.9
Senegal,SEN,2024,18501984,196722,94.1
Serbia,SRB,2020,6899126,88361,78.1
Serbia,SRB,2021,6834326,88361,77.3
Serbia,SRB,2022,6664449,88361,75.4
Serbia,SRB,2023,6623183,88361,75
Serbia,SRB,2024,6587202,88361,74.5
Seychelles,SYC,2020,98462,455,216.4
Seychelles,SYC,2021,99258,455,218.1
Seychelles,SYC,2022,119878,455,263.5
Seychelles,SYC,2023,119773,455,263.2
Seychelles,SYC,2024,121354,455,266.7
Sierra Leone,SLE,2020,7912558,71740,110.3
Sierra Leone,SLE,2021,8094602,71740,112.8
Sierra Leone,SLE,2022,8276807,71740,115.4
Sierra Leone,SLE,2023,8460512,71740,117.9
Sierra Leone,SLE,2024,8642022,71740,120.5
Singapore,SGP,2020,5685807,728,7810.2
Singapore,SGP,2021,5453566,728,7491.2
Singapore,SGP,2022,5637022,728,7743.2
Singapore,SGP,2023,5917648,728,8128.6
Singapore,SGP,2024,6036860,728,8292.4
Sint Maarten (Dutch part),SXM,2020,41008,34,1206.1
Sint Maarten (Dutch part),SXM,2021,41571,34,1222.7
Sint Maarten (Dutch part),SXM,2022,42139,34,1239.4
Sint Maarten (Dutch part),SXM,2023,42749,34,1257.3
Sint Maarten (Dutch part),SXM,2024,43350,34,1275
Slovak Republic,SVK,2020,5458827,49035,111.3
Slovak Republic,SVK,2021,5447247,49035,111.1
Slovak Republic,SVK,2022,5431752,49035,110.8
Slovak Republic,SVK,2023,5426740,49035,110.7
Slovak Republic,SVK,2024,5422069,49035,110.6
Slovenia,SVN,2020,2102419,20273,103.7
Slovenia,SVN,2021,2108079,20273,104
Slovenia,SVN,2022,2112076,20273,104.2
Slovenia,SVN,2023,2120461,20273,104.6
Slovenia,SVN,2024,2126324,20273,104.9
Solomon Islands,SLB,2020,744498,28896,25.8
Solomon Islands,SLB,2021,762591,28896,26.4
Solomon Islands,SLB,2022,781066,28896,27
Solomon Islands,SLB,2023,800005,28896,27.7
Solomon Islands,SLB,2024,819198,28896,28.3
Somalia,SOM,2020,16651191,637657,26.1
Somalia,SOM,2021,17271431,637657,27.1
Somalia,SOM,2022,17801897,637657,27.9
Somalia,SOM,2023,18358615,637657,28.8
Somalia,SOM,2024,19009151,637657,29.8
South Africa,ZAF,2020,60562381,1219090,49.7
South Africa,ZAF,2021,61502603,1219090,50.4
South Africa,ZAF,2022,62378410,1219090,51.2
South Africa,ZAF,2023,63212384,1219090,51.9
South Africa,ZAF,2024,64007187,1219090,52.5
South Sudan,SSD,2020,10698467,619745,17.3
South Sudan,SSD,2021,10865780,619745,17.5
South Sudan,SSD,2022,11021177,619745,17.8
South Sudan,SSD,2023,11483374,619745,18.5
South Sudan,SSD,2024,11943408,619745,19.3
Spain,ESP,2020,47359424,505992,93.6
Spain,ESP,2021,47443821,505992,93.8
Spain,ESP,2022,47786102,505992,94.4
Spain,ESP,2023,48347910,505992,95.6
Spain,ESP,2024,48807137,505992,96.5
Sri Lanka,LKA,2020,21919000,65610,334.1
Sri Lanka,LKA,2021,22156000,65610,337.7
Sri Lanka,LKA,2022,22181000,65610,338.1
Sri Lanka,LKA,2023,22037000,65610,335.9
Sri Lanka,LKA,2024,21916000,65610,334
St. Kitts and Nevis,KNA,2020,46870,261,179.6
St. Kitts and Nevis,KNA,2021,46763,261,179.2
St. Kitts and Nevis,KNA,2022,46709,261,179
St. Kitts and Nevis,KNA,2023,46758,261,179.1
St. Kitts and Nevis,KNA,2024,46843,261,179.5
St. Lucia,LCA,2020,178250,616,289.4
St. Lucia,LCA,2021,178522,616,289.8
St. Lucia,LCA,2022,178781,616,290.2
St. Lucia,LCA,2023,179285,616,291
St. Lucia,LCA,2024,179744,616,291.8
St. Martin (French part),MAF,2020,31786,53,599.7
St. Martin (French part),MAF,2021,29961,53,565.3
St. Martin (French part),MAF,2022,28870,53,544.7
St. Martin (French part),MAF,2023,27515,53,519.2
St. Martin (French part),MAF,2024,26129,53,493
St. Vincent and the Grenadines,VCT,2020,103526,389,266.1
St. Vincent and the Grenadines,VCT,2021,102841,389,264.4
St. Vincent and the Grenadines,VCT,2022,102046,389,262.3
St. Vincent and the Grenadines,VCT,2023,101323,389,260.5
St. Vincent and the Grenadines,VCT,2024,100616,389,258.7
Sudan,SDN,2020,46789231,1861484,25.1
Sudan,SDN,2021,48066924,1861484,25.8
Sudan,SDN,2022,49383346,1861484,26.5
Sudan,SDN,2023,50042791,1861484,26.9
Sudan,SDN,2024,50448963,1861484,27.1
Suriname,SUR,2020,612317,163820,3.7
Suriname,SUR,2021,617896,163820,3.8
Suriname,SUR,2022,623164,163820,3.8
Suriname,SUR,2023,628886,163820,3.8
Suriname,SUR,2024,634431,163820,3.9
Sweden,SWE,2020,10353442,450295,23
Sweden,SWE,2021,10415811,450295,23.1
Sweden,SWE,2022,10486941,450295,23.3
Sweden,SWE,2023,10536632,450295,23.4
Sweden,SWE,2024,10569709,450295,23.5
Switzerland,CHE,2020,8638167,41284,209.2
Switzerland,CHE,2021,8704546,41284,210.8
Switzerland,CHE,2022,8777088,41284,212.6
Switzerland,CHE,2023,8888093,41284,215.3
Switzerland,CHE,2024,9034102,41284,218.8
Syrian Arab Republic,SYR,2020,21049429,185180,113.7
Syrian Arab Republic,SYR,2021,21628839,185180,116.8
Syrian Arab Republic,SYR,2022,22462173,185180,121.3
Syrian Arab Republic,SYR,2023,23594623,185180,127.4
Syrian Arab Republic,SYR,2024,24672760,185180,133.2
Tajikistan,TJK,2020,9749310,143100,68.1
Tajikistan,TJK,2021,9966908,143100,69.6
Tajikistan,TJK,2022,10182222,143100,71.2
Tajikistan,TJK,2023,10389799,143100,72.6
Tajikistan,TJK,2024,10590927,143100,74
Tanzania,TZA,2020,60972798,945087,64.5
Tanzania,TZA,2021,62830412,945087,66.5
Tanzania,TZA,2022,64711821,945087,68.5
Tanzania,TZA,2023,66617606,945087,70.5
Tanzania,TZA,2024,68560157,945087,72.5
Thailand,THA,2020,71641484,513120,139.6
Thailand,THA,2021,71727332,513120,139.8
Thailand,THA,2022,71735329,513120,139.8
Thailand,THA,2023,71702435,513120,139.7
Thailand,THA,2024,71668011,513120,139.7
Timor-Leste,TLS,2020,1326053,14874,89.2
Timor-Leste,TLS,2021,1350139,14874,90.8
Timor-Leste,TLS,2022,1369295,14874,92.1
Timor-Leste,TLS,2023,1384286,14874,93.1
Timor-Leste,TLS,2024,1400638,14874,94.2
Togo,TGO,2020,8669720,56785,152.7
Togo,TGO,2021,8878379,56785,156.4
Togo,TGO,2022,9089738,56785,160.1
Togo,TGO,2023,9304337,56785,163.9
Togo,TGO,2024,9515236,56785,167.6
Tonga,TON,2020,105704,747,141.5
Tonga,TON,2021,105490,747,141.2
Tonga,TON,2022,105042,747,140.6
Tonga,TON,2023,104597,747,140
Tonga,TON,2024,104175,747,139.5
Trinidad and Tobago,TTO,2020,1366725,5130,266.4
Trinidad and Tobago,TTO,2021,1367558,5130,266.6
Trinidad and Tobago,TTO,2022,1365805,5130,266.2
Trinidad and Tobago,TTO,2023,1367510,5130,266.6
Trinidad and Tobago,TTO,2024,1368333,5130,266.7
Tunisia,TUN,2020,11974057,163610,73.2
Tunisia,TUN,2021,12048622,163610,73.6
Tunisia,TUN,2022,12119334,163610,74.1
Tunisia,TUN,2023,12200431,163610,74.6
Tunisia,TUN,2024,12277109,163610,75
Turkiye,TUR,2020,83384680,783356,106.4
Turkiye,TUR,2021,84147318,783356,107.4
Turkiye,TUR,2022,84979913,783356,108.5
Turkiye,TUR,2023,85325965,783356,108.9
Turkiye,TUR,2024,85518661,783356,109.2
Turkmenistan,TKM,2020,6949912,488100,14.2
Turkmenistan,TKM,2021,7092043,488100,14.5
Turkmenistan,TKM,2022,7230193,488100,14.8
Turkmenistan,TKM,2023,7364438,488100,15.1
Turkmenistan,TKM,2024,7494498,488100,15.4
Turks and Caicos Islands,TCA,2020,44386,948,46.8
Turks and Caicos Islands,TCA,2021,45243,948,47.7
Turks and Caicos Islands,TCA,2022,45847,948,48.4
Turks and Caicos Islands,TCA,2023,46198,948,48.7
Turks and Caicos Islands,TCA,2024,46535,948,49.1
Tuvalu,TUV,2020,10399,26,400
Tuvalu,TUV,2021,10194,26,392.1
Tuvalu,TUV,2022,9992,26,384.3
Tuvalu,TUV,2023,9816,26,377.5
Tuvalu,TUV,2024,9646,26,371
Uganda,UGA,2020,44457152,241038,184.4
Uganda,UGA,2021,45910930,241038,190.5
Uganda,UGA,2022,47312719,241038,196.3
Uganda,UGA,2023,48656601,241038,201.9
Uganda,UGA,2024,50015092,241038,207.5
Ukraine,UKR,2020,44680014,603500,74
Ukraine,UKR,2021,44298640,603500,73.4
Ukraine,UKR,2022,41048766,603500,68
Ukraine,UKR,2023,37732836,603500,62.5
Ukraine,UKR,2024,37860221,603500,62.7
United Arab Emirates,ARE,2020,9401038,83600,112.5
United Arab Emirates,ARE,2021,9575152,83600,114.5
United Arab Emirates,ARE,2022,10074977,83600,120.5
United Arab Emirates,ARE,2023,10483751,83600,125.4
United Arab Emirates,ARE,2024,10876981,83600,130.1
United Kingdom,GBR,2020,66744000,243610,274
United Kingdom,GBR,2021,66984000,243610,275
United Kingdom,GBR,2022,67604000,243610,277.5
United Kingdom,GBR,2023,68492000,243610,281.2
United Kingdom,GBR,2024,69226000,243610,284.2
United States,USA,2020,331577720,9372610,35.4
United States,USA,2021,332099760,9372610,35.4
United States,USA,2022,334017321,9372610,35.6
United States,USA,2023,336806231,9372610,35.9
United States,USA,2024,340110988,9372610,36.3
Uruguay,URY,2020,3398968,181034,18.8
Uruguay,URY,2021,3396695,181034,18.8
Uruguay,URY,2022,3390913,181034,18.7
Uruguay,URY,2023,3388081,181034,18.7
Uruguay,URY,2024,3386588,181034,18.7
Uzbekistan,UZB,2020,33586372,447400,75.1
Uzbekistan,UZB,2021,34243696,447400,76.5
Uzbekistan,UZB,2022,34938955,447400,78.1
Uzbekistan,UZB,2023,35652307,447400,79.7
Uzbekistan,UZB,2024,36361859,447400,81.3
Vanuatu,VUT,2020,298858,12189,24.5
Vanuatu,VUT,2021,305868,12189,25.1
Vanuatu,VUT,2022,313046,12189,25.7
Vanuatu,VUT,2023,320409,12189,26.3
Vanuatu,VUT,2024,327777,12189,26.9
"Venezuela, RB",VEN,2020,28444077,916445,31
"Venezuela, RB",VEN,2021,28237826,916445,30.8
"Venezuela, RB",VEN,2022,28213017,916445,30.8
"Venezuela, RB",VEN,2023,28300854,916445,30.9
"Venezuela, RB",VEN,2024,28405543,916445,31
Viet Nam,VNM,2020,98079191,331212,296.1
Viet Nam,VNM,2021,98935098,331212,298.7
Viet Nam,VNM,2022,99680655,331212,301
Viet Nam,VNM,2023,100352192,331212,303
Viet Nam,VNM,2024,100987686,331212,304.9
Virgin Islands (U.S.),VIR,2020,106290,347,306.3
Virgin Islands (U.S.),VIR,2021,105870,347,305.1
Virgin Islands (U.S.),VIR,2022,105413,347,303.8
Virgin Islands (U.S.),VIR,2023,104917,347,302.4
Virgin Islands (U.S.),VIR,2024,104377,347,300.8
West Bank and Gaza,PSE,2020,4803269,6220,772.2
West Bank and Gaza,PSE,2021,4922749,6220,791.4
West Bank and Gaza,PSE,2022,5043612,6220,810.9
West Bank and Gaza,PSE,2023,5165775,6220,830.5
West Bank and Gaza,PSE,2024,5289152,6220,850.3
"Yemen, Rep.",YEM,2020,36134863,527968,68.4
"Yemen, Rep.",YEM,2021,37140230,527968,70.3
"Yemen, Rep.",YEM,2022,38222876,527968,72.4
"Yemen, Rep.",YEM,2023,39390799,527968,74.6
"Yemen, Rep.",YEM,2024,40583164,527968,76.9
Zambia,ZMB,2020,19059395,752612,25.3
Zambia,ZMB,2021,19603607,752612,26
Zambia,ZMB,2022,20152938,752612,26.8
Zambia,ZMB,2023,20723965,752612,27.5
Zambia,ZMB,2024,21314956,752612,28.3
Zimbabwe,ZWE,2020,15526888,390757,39.7
Zimbabwe,ZWE,2021,15797210,390757,40.4
Zimbabwe,ZWE,2022,16069056,390757,41.1
Zimbabwe,ZWE,2023,16340822,390757,41.8
Zimbabwe,ZWE,2024,16634373,390757,42.6
